{
    "Logistic Regression": {
        "Stay": {
            "precision": 0.8843283582089553,
            "recall": 0.9595141700404858,
            "f1-score": 0.920388349514563,
            "support": 247.0
        },
        "Leave": {
            "precision": 0.6153846153846154,
            "recall": 0.3404255319148936,
            "f1-score": 0.4383561643835616,
            "support": 47.0
        },
        "accuracy": 0.8605442176870748,
        "macro avg": {
            "precision": 0.7498564867967854,
            "recall": 0.6499698509776897,
            "f1-score": 0.6793722569490623,
            "support": 294.0
        },
        "weighted avg": {
            "precision": 0.8413339503424793,
            "recall": 0.8605442176870748,
            "f1-score": 0.8433287825038248,
            "support": 294.0
        }
    },
    "Decision Tree": {
        "Stay": {
            "precision": 0.8771186440677966,
            "recall": 0.8380566801619433,
            "f1-score": 0.8571428571428571,
            "support": 247.0
        },
        "Leave": {
            "precision": 0.3103448275862069,
            "recall": 0.3829787234042553,
            "f1-score": 0.34285714285714286,
            "support": 47.0
        },
        "accuracy": 0.7653061224489796,
        "macro avg": {
            "precision": 0.5937317358270018,
            "recall": 0.6105177017830994,
            "f1-score": 0.6,
            "support": 294.0
        },
        "weighted avg": {
            "precision": 0.7865119455146173,
            "recall": 0.7653061224489796,
            "f1-score": 0.7749271137026239,
            "support": 294.0
        }
    },
    "Random Forest": {
        "Stay": {
            "precision": 0.8586572438162544,
            "recall": 0.9838056680161943,
            "f1-score": 0.9169811320754717,
            "support": 247.0
        },
        "Leave": {
            "precision": 0.6363636363636364,
            "recall": 0.14893617021276595,
            "f1-score": 0.2413793103448276,
            "support": 47.0
        },
        "accuracy": 0.8503401360544217,
        "macro avg": {
            "precision": 0.7475104400899454,
            "recall": 0.5663709191144801,
            "f1-score": 0.5791802212101497,
            "support": 294.0
        },
        "weighted avg": {
            "precision": 0.8231205106520604,
            "recall": 0.8503401360544217,
            "f1-score": 0.8089767592137701,
            "support": 294.0
        }
    }
}